,Date,BottomHolePressure (BARa),SandfacePressureRef|BottomHolePressureRef (BARa),DrainageRegionPressureRef|DrainageRegionPressure (BARa),LiquidProductivityIndex (Sm3/day/bar),GasProductivityIndex (Sm3/day/bar),ProductivityIndexResCond (Rm3/day/bar),WellIndexResCond (Rm3/day/bar),BottomHoleTemperature (deg C),LiquidInjected (Sm3/day),WaterInjected (Sm3/day),OilInjected (Sm3/day),GasInjected (1000Sm3/d),FracLiquidInjected (Sm3/day),FracWaterInjected (Sm3/day),FracOilInjected (Sm3/day),FracGasInjected (1000Sm3/d),GOR (Sm3/Sm3),WaterCut (fraction),WaterGasRatio (Sm3/Sm3),CGR (Sm3/Sm3),HallIntegral (Bar.d),HallVoidageDerivative (Bar.d),HallWaterDerivative (Bar.d),HallGasDerivative (Bar.d),WaterBreakthroughTime (days),GasBreakthroughTime (days),TransitTime (days),CumLiquidProduced (Sm3),CumWaterProduced (Sm3),CumOilProduced (Sm3),CumGasProduced (MSm3),CumLiquidInjected (Sm3),CumWaterInjected (Sm3),CumOilInjected (Sm3),CumGasInjected (MSm3),CumHeatInjected (kJ),DownholeRate (rm3/day),VoidageRate (rm3/day),CumVoidage (rm3),NPV (MMUS$),
I1,17.01.1996 21:57:52,342.387,344,296.335,62.9375,0,62.9357,479.156,60,2999.87,2999.87,0,0,2385.85,2385.85,0,0,0,0,0,0,958.84,608.647,608.647,0,866.481,1e+06,882.06,0,0,0,0,50743.2,50743.2,0,0,1.66011e+10,2999.99,3000,50745.6,-0.318462,
I1,26.01.1996 14:46:20,355.5,357.12,297.171,50.0411,0,50.0396,230.353,60,2999.87,2999.87,0,0,1604.74,1604.74,0,0,0,0,0,0,1480.41,1256.83,1256.83,0,839.555,1e+06,853.089,0,0,0,0,76843,76843,0,0,2.54737e+10,2999.99,3000,76846.5,-0.481717,
I1,02.02.1996 14:48:37,358.255,359.881,297.432,48.037,0,48.0355,206.685,60,2999.87,2999.87,0,0,1410.97,1410.97,0,0,0,0,0,0,1917.65,1809.49,1809.49,0,822.455,1e+06,848.211,0,0,0,0,97846.8,97846.8,0,0,3.26478e+10,2999.99,3000,97851.3,-0.612827,
I1,12.02.1996 14:48:37,353.196,354.829,297.442,52.2746,0,52.2731,313.931,60,2999.87,2999.87,0,0,1846.86,1846.86,0,0,0,0,0,0,2491.52,2145.95,2145.95,0,827.83,1e+06,853.264,0,0,0,0,127845,127845,0,0,4.27626e+10,2999.99,3000,127851,-0.79967,
I1,21.02.1996 07:33:14,356.201,357.839,297.47,49.6923,0,49.6908,276.715,60,2999.87,2999.87,0,0,1630.51,1630.51,0,0,0,0,0,0,3016.59,2827.16,2827.16,0,812.547,1e+06,853.525,0,0,0,0,153937,153937,0,0,5.167e+10,2999.99,3000,153944,-0.961784,
I1,01.03.1996 03:26:06,358.333,359.977,297.622,48.109,0,48.1076,249.261,60,2999.87,2999.87,0,0,1456.78,1456.78,0,0,0,0,0,0,3567.08,3467.73,3467.73,0,812.107,1e+06,852.58,0,0,0,0,180421,180421,0,0,6.0701e+10,2999.99,3000,180429,-1.12596,
I1,11.03.1996 03:26:06,358.291,359.943,297.738,48.2254,0,48.224,259.757,60,2999.87,2999.87,0,0,1484.97,1484.97,0,0,0,0,0,0,4189.14,4044.27,4044.27,0,798.188,1e+06,856.518,0,0,0,0,210420,210420,0,0,7.0926e+10,2999.99,3000,210429,-1.31146,
I1,21.03.1996 03:26:06,354.798,356.456,297.809,51.1515,0,51.1499,358.585,60,2999.87,2999.87,0,0,1825.53,1825.53,0,0,0,0,0,0,4775.6,4400.39,4400.39,0,799.664,1e+06,855.747,0,0,0,0,240418,240418,0,0,8.11442e+10,2999.99,3000,240429,-1.49649,
I1,31.03.1996 03:26:06,358.759,360.426,297.969,48.031,0,48.0295,252.759,60,2999.87,2999.87,0,0,1494.46,1494.46,0,0,0,0,0,0,5400.17,5311.66,5311.66,0,800.405,1e+06,858.736,0,0,0,0,270417,270417,0,0,9.1386e+10,2999.99,3000,270429,-1.68103,
I1,10.04.1996 03:26:06,354.894,356.568,298.002,51.2224,0,51.2209,349.948,60,2999.87,2999.87,0,0,1844.16,1844.16,0,0,0,0,0,0,5985.83,5566.97,5566.97,0,785.436,1e+06,864.679,0,0,0,0,300416,300416,0,0,1.01554e+11,2999.99,3000,300429,-1.86509,
I1,20.04.1996 03:26:06,359.465,361.146,298.221,47.6735,0,47.672,246.343,60,2999.87,2999.87,0,0,1479.25,1479.25,0,0,0,0,0,0,6615.08,6611.17,6611.17,0,770.211,1e+06,861.058,0,0,0,0,330414,330414,0,0,1.11797e+11,2999.99,3000,330429,-2.04866,
I1,30.04.1996 03:26:06,349.607,351.295,298.199,56.4989,0,56.4972,685.8,60,2999.87,2999.87,0,0,2327.59,2327.59,0,0,0,0,0,0,7146.04,6109.8,6109.8,0,788.137,1e+06,868.091,0,0,0,0,360413,360413,0,0,1.21815e+11,2999.99,3000,360429,-2.23177,
I1,10.05.1996 03:26:06,352.996,354.691,297.911,52.8335,0,52.8319,426.882,60,2999.87,2999.87,0,0,2011.94,2011.94,0,0,0,0,0,0,7713.84,7101.8,7101.8,0,771.048,1e+06,872.819,0,0,0,0,390411,390411,0,0,1.31884e+11,2999.99,3000,390429,-2.41439,
I1,20.05.1996 03:26:06,351.174,352.875,296.532,53.2426,0,53.241,445.305,60,2999.87,2999.87,0,0,2049.91,2049.91,0,0,0,0,0,0,8277.27,7610.94,7610.94,0,772.921,1e+06,875.745,0,0,0,0,420410,420410,0,0,1.41918e+11,2999.99,3000,420429,-2.59654,
I1,30.05.1996 03:26:06,348.798,350.506,294.931,53.9789,0,53.9773,478.829,60,2999.87,2999.87,0,0,2111.78,2111.78,0,0,0,0,0,0,8833.02,8063.11,8063.11,0,754.803,1e+06,880.672,0,0,0,0,450409,450409,0,0,1.51899e+11,2999.99,3000,450429,-2.77821,
I1,09.06.1996 03:26:06,347.973,349.688,293.584,53.4699,0,53.4683,454.975,60,2999.87,2999.87,0,0,2074.04,2074.04,0,0,0,0,0,0,9394.06,8701.11,8701.11,0,759.575,1e+06,885.391,0,0,0,0,480407,480407,0,0,1.61877e+11,2999.99,3000,480429,-2.95941,
I1,19.06.1996 03:26:06,346.415,348.136,292.165,53.5967,0,53.5951,457.567,60,2999.87,2999.87,0,0,2085.55,2085.55,0,0,0,0,0,0,9953.77,9240.42,9240.42,0,760.384,1e+06,888.319,0,0,0,0,510406,510406,0,0,1.71823e+11,2999.99,3000,510429,-3.14014,
I1,29.06.1996 03:26:06,345.319,347.048,290.738,53.2748,0,53.2732,444.795,60,2999.87,2999.87,0,0,2064.97,2064.97,0,0,0,0,0,0,10516.9,9859.5,9859.51,0,761.663,1e+06,891.326,0,0,0,0,540404,540404,0,0,1.81765e+11,2999.99,3000,540429,-3.32039,
I1,13.07.1996 16:48:00,351.465,353.203,290.146,47.5733,0,47.572,261.559,60,2999.87,2999.87,0,0,1565.27,1565.27,0,0,0,0,0,0,11382.3,12074.4,12074.4,0,736.462,1e+06,886.121,0,0,0,0,584073,584073,0,0,1.96444e+11,2999.99,3000,584100,-3.58195,
I1,23.07.1996 16:48:00,351.274,353.019,290.354,47.8715,0,47.8701,269.904,60,2999.87,2999.87,0,0,1612.91,1612.91,0,0,0,0,0,0,12009,12511.6,12511.6,0,734.16,1e+06,884.92,0,0,0,0,614072,614072,0,0,2.06658e+11,2999.99,3000,614100,-3.76106,
I1,02.08.1996 16:48:00,352.367,354.119,290.531,47.1764,0,47.175,256.419,60,2999.87,2999.87,0,0,1546.84,1546.84,0,0,0,0,0,0,12644.9,13331.9,13331.9,0,735.058,1e+06,887.102,0,0,0,0,644070,644070,0,0,2.16883e+11,2999.99,3000,644100,-3.9397,
I1,12.08.1996 16:48:00,343.559,345.318,290.299,54.524,0,54.5224,578.412,60,2999.87,2999.87,0,0,2252.3,2252.3,0,0,0,0,0,0,13195.1,12085.6,12085.6,0,742.062,1e+06,898.986,0,0,0,0,674069,674069,0,0,2.26821e+11,2999.99,3000,674100,-4.11787,
I1,22.08.1996 16:48:00,344.546,346.312,288.994,52.3365,0,52.335,442.545,60,2999.87,2999.87,0,0,2070.67,2070.67,0,0,0,0,0,0,13768.3,13164,13164.1,0,723.627,1e+06,902.791,0,0,0,0,704067,704067,0,0,2.36828e+11,2999.99,3000,704100,-4.29558,
I1,01.09.1996 16:48:00,341.045,342.817,286.703,53.4602,0,53.4587,481.394,60,2999.86,2999.86,0,0,2137.42,2137.42,0,0,0,0,0,0,14329.4,13448.6,13448.6,0,727.617,1e+06,910.789,0,0,0,0,734066,734066,0,0,2.46693e+11,2999.99,3000,734100,-4.47282,
I1,11.09.1996 16:48:00,340.002,341.781,284.505,52.3755,0,52.374,419.377,60,2999.86,2999.86,0,0,2041.4,2041.4,0,0,0,0,0,0,14902.2,14299.9,14299.9,0,728.271,1e+06,916.046,0,0,0,0,764064,764064,0,0,2.56556e+11,2999.99,3000,764100,-4.64961,
I1,21.09.1996 16:48:00,347.422,349.208,285.08,46.7794,0,46.778,261.102,60,2999.86,2999.86,0,0,1563.3,1563.3,0,0,0,0,0,0,15543.4,16652,16652,0,701.979,1e+06,904.143,0,0,0,0,794063,794063,0,0,2.6678e+11,2999.99,3000,794100,-4.82593,
I1,01.10.1996 16:48:00,347.823,349.616,285.342,46.6726,0,46.6713,260.62,60,2999.86,2999.86,0,0,1571.85,1571.85,0,0,0,0,0,0,16186.2,17332.9,17332.9,0,679.274,1e+06,902.844,0,0,0,0,824062,824062,0,0,2.7701e+11,2999.99,3000,824100,-5.00179,
I1,11.10.1996 16:48:00,348.221,350.021,285.574,46.5478,0,46.5465,260.659,60,2999.86,2999.86,0,0,1571.6,1571.6,0,0,0,0,0,0,16830.6,18023.9,18023.9,0,699.819,1e+06,904.682,0,0,0,0,854060,854060,0,0,2.87241e+11,2999.99,3000,854100,-5.1772,
I1,21.10.1996 16:48:00,348.543,350.35,285.761,46.4457,0,46.4444,261.699,60,2999.86,2999.86,0,0,1574.59,1574.59,0,0,0,0,0,0,17476.5,18709.5,18709.5,0,702.316,1e+06,909.017,0,0,0,0,884059,884059,0,0,2.97471e+11,2999.99,3000,884100,-5.35214,
I1,31.10.1996 16:48:00,349.042,350.856,285.996,46.2512,0,46.2499,260.318,60,2999.86,2999.86,0,0,1566.91,1566.91,0,0,0,0,0,0,18125.1,19436.8,19436.8,0,681.911,1e+06,910.608,0,0,0,0,914057,914057,0,0,3.07706e+11,2999.99,3000,914100,-5.52664,
I1,10.11.1996 16:48:00,348.601,350.421,286.145,46.6715,0,46.6701,272.536,60,2999.86,2999.86,0,0,1627.95,1627.95,0,0,0,0,0,0,18767.9,19904.6,19904.6,0,682.43,1e+06,912.878,0,0,0,0,944056,944056,0,0,3.17919e+11,2999.99,3000,944100,-5.70067,
I1,20.11.1996 16:48:00,339.851,341.678,283.662,51.7073,0,51.7058,444.236,60,2999.86,2999.86,0,0,2081.98,2081.98,0,0,0,0,0,0,19348.1,18546.3,18546.3,0,693.086,1e+06,925.455,0,0,0,0,974055,974055,0,0,3.27786e+11,2999.99,3000,974100,-5.87426,
I1,30.11.1996 16:48:00,337.213,339.047,281.009,51.6879,0,51.6864,430.974,60,2999.86,2999.86,0,0,2068.98,2068.98,0,0,0,0,0,0,19928.4,19133.7,19133.7,0,675.776,1e+06,932.199,0,0,0,0,1.00405e+06,1.00405e+06,0,0,3.37592e+11,2999.99,3000,1.0041e+06,-6.04739,
I1,10.12.1996 16:48:00,345.454,347.295,281.748,45.7668,0,45.7655,255.828,60,2999.86,2999.86,0,0,1555.64,1555.64,0,0,0,0,0,0,20583.9,22264.6,22264.6,0,660.181,1e+06,917.256,0,0,0,0,1.03405e+06,1.03405e+06,0,0,3.47808e+11,2999.99,3000,1.0341e+06,-6.22007,
I1,20.12.1996 16:48:00,345.178,347.025,281.947,46.096,0,46.0947,265.745,60,2999.86,2999.86,0,0,1608.87,1608.87,0,0,0,0,0,0,21234.7,22756.4,22756.5,0,665.781,1e+06,919.141,0,0,0,0,1.06405e+06,1.06405e+06,0,0,3.58e+11,2999.99,3000,1.0641e+06,-6.3923,
I1,30.12.1996 16:48:00,346.504,348.359,282.214,45.3532,0,45.3519,251.212,60,2999.86,2999.86,0,0,1538.82,1538.82,0,0,0,0,0,0,21896.1,23790.6,23790.7,0,666.851,1e+06,920.975,0,0,0,0,1.09405e+06,1.09405e+06,0,0,3.68216e+11,2999.99,3000,1.0941e+06,-6.56408,
I1,07.01.1997 07:12:00,345.911,347.771,281.543,45.2961,0,45.2948,252.011,60,2999.86,2999.86,0,0,1531.41,1531.41,0,0,0,0,0,0,22380.3,24550.5,24550.5,0,648.532,1e+06,916.438,0,0,0,0,1.11685e+06,1.11685e+06,0,0,3.75861e+11,2999.99,3000,1.1169e+06,-6.69433,
I1,23.01.1997 16:48:00,344.829,346.701,280.764,45.4964,0,45.4951,239.889,60,2999.86,2999.86,0,0,1535.35,1535.35,0,0,0,0,0,0,23461.3,25298.3,25298.3,0,650.094,1e+06,923.195,0,0,0,0,1.16605e+06,1.16605e+06,0,0,3.92433e+11,2999.99,3000,1.1661e+06,-6.97453,
I1,02.02.1997 16:48:00,344.598,346.475,280.047,45.1591,0,45.1578,231.875,60,2999.86,2999.86,0,0,1508.64,1508.64,0,0,0,0,0,0,24125.5,26151.6,26151.6,0,651.443,1e+06,927.305,0,0,0,0,1.19604e+06,1.19604e+06,0,0,4.02508e+11,2999.99,3000,1.1961e+06,-7.14479,
I1,12.02.1997 16:48:00,344.006,345.891,279.309,45.0554,0,45.0541,231.516,60,2999.86,2999.86,0,0,1512.34,1512.34,0,0,0,0,0,0,24791.4,26877.6,26877.6,0,631.905,1e+06,928.171,0,0,0,0,1.22604e+06,1.22604e+06,0,0,4.12583e+11,2999.99,3000,1.2261e+06,-7.31461,
I1,22.02.1997 16:48:00,343.255,345.146,278.44,44.971,0,44.9697,229.868,60,2999.86,2999.86,0,0,1515.57,1515.57,0,0,0,0,0,0,25458.4,27595.2,27595.2,0,631.895,1e+06,921.242,0,0,0,0,1.25604e+06,1.25604e+06,0,0,4.2265e+11,2999.99,3000,1.2561e+06,-7.48399,
I1,04.03.1997 16:48:00,342.606,344.504,277.651,44.8726,0,44.8714,230.264,60,2999.86,2999.86,0,0,1517.17,1517.17,0,0,0,0,0,0,26127,28324.2,28324.2,0,632.736,1e+06,924.314,0,0,0,0,1.28604e+06,1.28604e+06,0,0,4.32709e+11,2999.99,3000,1.2861e+06,-7.65293,
I1,14.03.1997 16:48:00,341.93,343.835,276.976,44.8685,0,44.8673,233.609,60,2999.86,2999.86,0,0,1539.04,1539.04,0,0,0,0,0,0,26795.5,28995.4,28995.5,0,614.098,1e+06,926.384,0,0,0,0,1.31604e+06,1.31604e+06,0,0,4.42778e+11,2999.99,3000,1.3161e+06,-7.82142,
I1,24.03.1997 16:48:00,341.682,343.594,276.264,44.5546,0,44.5534,225.75,60,2999.86,2999.86,0,0,1512.63,1512.63,0,0,0,0,0,0,27468.8,29873,29873.1,0,613.695,1e+06,927.32,0,0,0,0,1.34604e+06,1.34604e+06,0,0,4.5284e+11,2999.99,3000,1.3461e+06,-7.98948,
I1,03.04.1997 16:48:00,341.414,343.332,275.868,44.4661,0,44.4649,225.91,60,2999.86,2999.86,0,0,1535.48,1535.48,0,0,0,0,0,0,28143.5,30607.2,30607.2,0,612.758,1e+06,926.114,0,0,0,0,1.37604e+06,1.37604e+06,0,0,4.62939e+11,2999.99,3000,1.3761e+06,-8.1571,
I1,13.04.1997 16:48:00,341.186,343.111,275.305,44.2419,0,44.2407,218.029,60,2999.86,2999.86,0,0,1512.97,1512.97,0,0,0,0,0,0,28821.5,31440.3,31440.4,0,614.254,1e+06,921.954,0,0,0,0,1.40603e+06,1.40603e+06,0,0,4.73019e+11,2999.99,3000,1.4061e+06,-8.32428,
I1,23.04.1997 16:48:00,340.88,342.812,274.895,44.1692,0,44.1679,220.209,60,2999.86,2999.86,0,0,1527.99,1527.99,0,0,0,0,0,0,29500.7,32171.3,32171.4,0,585.324,1e+06,921.772,0,0,0,0,1.43603e+06,1.43603e+06,0,0,4.83112e+11,2999.99,3000,1.4361e+06,-8.49103,
I1,03.05.1997 16:48:00,341.21,343.149,274.847,43.9204,0,43.9192,219.466,60,2999.86,2999.86,0,0,1525.73,1525.73,0,0,0,0,0,0,30183.7,33036.6,33036.6,0,593.447,1e+06,921.526,0,0,0,0,1.46603e+06,1.46603e+06,0,0,4.93237e+11,2999.99,3000,1.4661e+06,-8.65734,
I1,13.05.1997 16:48:00,341.245,343.191,274.459,43.6459,0,43.6447,214.046,60,2999.86,2999.86,0,0,1502.78,1502.78,0,0,0,0,0,0,30871.1,33931.7,33931.8,0,594.545,1e+06,923.745,0,0,0,0,1.49603e+06,1.49603e+06,0,0,5.03351e+11,2999.99,3000,1.4961e+06,-8.82322,
I1,23.05.1997 16:48:00,341.224,343.177,274.31,43.5605,0,43.5593,215.614,60,2999.86,2999.86,0,0,1514.84,1514.84,0,0,0,0,0,0,31559.7,34686.9,34687,0,565.363,1e+06,923.569,0,0,0,0,1.52603e+06,1.52603e+06,0,0,5.13479e+11,2999.99,3000,1.5261e+06,-8.98866,
I1,02.06.1997 16:48:00,341.465,343.425,274.113,43.281,0,43.2798,211.197,60,2999.86,2999.86,0,0,1491.88,1491.88,0,0,0,0,0,0,32252.8,35604.1,35604.1,0,575.014,1e+06,914.191,0,0,0,0,1.55603e+06,1.55603e+06,0,0,5.23602e+11,2999.99,3000,1.5561e+06,-9.15368,
I1,12.06.1997 16:48:00,341.525,343.492,273.908,43.1116,0,43.1104,209.292,60,2999.86,2999.86,0,0,1488.42,1488.42,0,0,0,0,0,0,32948.7,36439.8,36439.9,0,574.885,1e+06,916.041,0,0,0,0,1.58603e+06,1.58603e+06,0,0,5.33731e+11,2999.99,3000,1.5861e+06,-9.31826,
I1,22.06.1997 16:48:00,341.432,343.406,273.844,43.1248,0,43.1236,214.125,60,2999.86,2999.86,0,0,1521.44,1521.44,0,0,0,0,0,0,33644.3,37124.3,37124.4,0,556.758,1e+06,915.85,0,0,0,0,1.61602e+06,1.61602e+06,0,0,5.43886e+11,2999.99,3000,1.6161e+06,-9.48242,
I1,02.07.1997 16:48:00,341.493,343.475,273.363,42.7869,0,42.7858,203.904,60,2999.86,2999.86,0,0,1477.48,1477.48,0,0,0,0,0,0,34345.4,38118.6,38118.6,0,553.798,1e+06,917.428,0,0,0,0,1.64602e+06,1.64602e+06,0,0,5.54014e+11,2999.99,3000,1.6461e+06,-9.64614,
I1,12.07.1997 16:48:00,341.316,343.305,273.047,42.6978,0,42.6966,205.555,60,2999.86,2999.86,0,0,1487.81,1487.81,0,0,0,0,0,0,35048,38900.8,38900.9,0,533.966,1e+06,907.933,0,0,0,0,1.67602e+06,1.67602e+06,0,0,5.64155e+11,2999.99,3000,1.6761e+06,-9.80945,
I1,22.07.1997 16:48:00,341.298,343.294,272.901,42.6161,0,42.6149,206.819,60,2999.86,2999.86,0,0,1496.03,1496.03,0,0,0,0,0,0,35751.9,39679.3,39679.3,0,556.479,1e+06,908.589,0,0,0,0,1.70602e+06,1.70602e+06,0,0,5.74299e+11,2999.99,3000,1.7061e+06,-9.97232,
I1,01.08.1997 16:48:00,341.511,343.515,272.829,42.4388,0,42.4377,203.696,60,2999.86,2999.86,0,0,1481.12,1481.12,0,0,0,0,0,0,36458.8,40551.9,40552,0,520.819,1e+06,910.926,0,0,0,0,1.73602e+06,1.73602e+06,0,0,5.84433e+11,2999.99,3000,1.7361e+06,-10.1348,
I1,11.08.1997 16:48:00,341.687,343.698,273.047,42.4599,0,42.4588,208.621,60,2999.86,2999.86,0,0,1512.68,1512.68,0,0,0,0,0,0,37165.3,41238.3,41238.4,0,536.965,1e+06,910.033,0,0,0,0,1.76602e+06,1.76602e+06,0,0,5.94591e+11,2999.99,3000,1.7661e+06,-10.2968,
I1,21.08.1997 16:48:00,341.971,343.99,272.839,42.1619,0,42.1608,199.514,60,2999.86,2999.86,0,0,1471.74,1471.74,0,0,0,0,0,0,37876.8,42241.3,42241.4,0,537.945,1e+06,903.65,0,0,0,0,1.79602e+06,1.79602e+06,0,0,6.0472e+11,2999.99,3000,1.7961e+06,-10.4584,
I1,31.08.1997 16:48:00,342.053,344.08,272.846,42.1129,0,42.1118,201.185,60,2999.86,2999.86,0,0,1482.64,1482.64,0,0,0,0,0,0,38589.1,43002.8,43002.9,0,516.809,1e+06,902.666,0,0,0,0,1.82601e+06,1.82601e+06,0,0,6.14857e+11,2999.99,3000,1.8261e+06,-10.6196,
I1,10.09.1997 16:48:00,342.134,344.17,272.831,42.0509,0,42.0498,202.306,60,2999.86,2999.86,0,0,1489.84,1489.84,0,0,0,0,0,0,39302.5,43779.6,43779.7,0,518.758,1e+06,904.176,0,0,0,0,1.85601e+06,1.85601e+06,0,0,6.24995e+11,2999.99,3000,1.8561e+06,-10.7804,
I1,20.09.1997 16:48:00,342.142,344.185,272.683,41.9548,0,41.9536,202.393,60,2999.86,2999.86,0,0,1490.6,1490.6,0,0,0,0,0,0,40017.6,44595,44595,0,518.687,1e+06,904.227,0,0,0,0,1.88601e+06,1.88601e+06,0,0,6.35132e+11,2999.99,3000,1.8861e+06,-10.9407,
I1,30.09.1997 16:48:00,342.177,344.228,272.584,41.8718,0,41.8706,202.405,60,2999.86,2999.86,0,0,1490.71,1490.71,0,0,0,0,0,0,40734,45399.9,45399.9,0,487.193,1e+06,897.184,0,0,0,0,1.91601e+06,1.91601e+06,0,0,6.45268e+11,2999.99,3000,1.9161e+06,-11.1006,
I1,10.10.1997 16:48:00,342.035,344.094,272.287,41.7766,0,41.7754,202.41,60,2999.86,2999.86,0,0,1490.74,1490.74,0,0,0,0,0,0,41452.1,46221.4,46221.4,0,499.922,1e+06,895.343,0,0,0,0,1.94601e+06,1.94601e+06,0,0,6.55404e+11,2999.99,3000,1.9461e+06,-11.2601,
I1,20.10.1997 16:48:00,341.959,344.027,272.079,41.6952,0,41.694,202.411,60,2999.86,2999.86,0,0,1490.67,1490.67,0,0,0,0,0,0,42171.5,47031.1,47031.2,0,499.725,1e+06,897.676,0,0,0,0,1.97601e+06,1.97601e+06,0,0,6.6554e+11,2999.99,3000,1.9761e+06,-11.4192,
I1,30.10.1997 16:48:00,342.032,344.107,272.023,41.6157,0,41.6146,202.412,60,2999.86,2999.86,0,0,1490.64,1490.64,0,0,0,0,0,0,42892.4,47841.8,47841.8,0,482.777,1e+06,899.355,0,0,0,0,2.006e+06,2.006e+06,0,0,6.75677e+11,2999.99,3000,2.0061e+06,-11.5779,
I1,09.11.1997 16:48:00,341.917,344.001,271.772,41.5328,0,41.5317,202.415,60,2999.86,2999.86,0,0,1490.68,1490.68,0,0,0,0,0,0,43614.7,48659.6,48659.6,0,463.204,1e+06,888.158,0,0,0,0,2.036e+06,2.036e+06,0,0,6.85813e+11,2999.99,3000,2.0361e+06,-11.7362,
I1,19.11.1997 16:48:00,341.859,343.95,271.611,41.4693,0,41.4681,202.416,60,2999.86,2999.86,0,0,1490.63,1490.63,0,0,0,0,0,0,44338.1,49457.5,49457.6,0,480.771,1e+06,889.735,0,0,0,0,2.066e+06,2.066e+06,0,0,6.95949e+11,2999.99,3000,2.0661e+06,-11.894,
I1,29.11.1997 16:48:00,341.789,343.888,271.316,41.3361,0,41.335,200.567,60,2999.86,2999.86,0,0,1480.8,1480.8,0,0,0,0,0,0,45063.8,50342.6,50342.6,0,480.325,1e+06,891.687,0,0,0,0,2.096e+06,2.096e+06,0,0,7.06088e+11,2999.99,3000,2.0961e+06,-12.0515,
I1,09.12.1997 16:48:00,341.882,343.99,271.275,41.2551,0,41.2539,201.182,60,2999.86,2999.86,0,0,1481.24,1481.24,0,0,0,0,0,0,45790.9,51168.7,51168.7,0,462.764,1e+06,883.51,0,0,0,0,2.126e+06,2.126e+06,0,0,7.16235e+11,2999.98,3000,2.1261e+06,-12.2085,
I1,19.12.1997 16:48:00,341.568,343.684,270.935,41.2356,0,41.2344,198.762,60,2999.86,2999.86,0,0,1478.07,1478.07,0,0,0,0,0,0,46518.4,51920.3,51920.4,0,463.067,1e+06,884.474,0,0,0,0,2.156e+06,2.156e+06,0,0,7.26373e+11,2999.99,3000,2.1561e+06,-12.3651,
I1,29.12.1997 16:48:00,342.083,344.207,271.087,41.027,0,41.0258,197.009,60,2999.86,2999.86,0,0,1463.55,1463.55,0,0,0,0,0,0,47249.6,52915.5,52915.6,0,459.224,1e+06,884.432,0,0,0,0,2.186e+06,2.186e+06,0,0,7.36526e+11,2999.98,3000,2.1861e+06,-12.5214,
I1,08.01.1998 16:48:00,341.949,344.081,271.026,41.0632,0,41.062,196.738,60,2999.86,2999.86,0,0,1468.96,1468.96,0,0,0,0,0,0,47980.2,53599.5,53599.5,0,441.033,1e+06,887.286,0,0,0,0,2.21599e+06,2.21599e+06,0,0,7.4666e+11,2999.98,3000,2.2161e+06,-12.6772,
I1,18.01.1998 16:48:00,342.143,344.283,270.931,40.8969,0,40.8958,194.638,60,2999.86,2999.86,0,0,1453.65,1453.65,0,0,0,0,0,0,48713.7,54550.8,54550.9,0,443.875,1e+06,876.064,0,0,0,0,2.24599e+06,2.24599e+06,0,0,7.56808e+11,2999.98,3000,2.2461e+06,-12.8326,
I1,28.01.1998 16:48:00,341.969,344.116,270.872,40.9569,0,40.9557,194.008,60,2999.86,2999.86,0,0,1463.82,1463.82,0,0,0,0,0,0,49446.1,55203.5,55203.5,0,414.22,1e+06,880.065,0,0,0,0,2.27599e+06,2.27599e+06,0,0,7.66942e+11,2999.98,3000,2.2761e+06,-12.9876,
I1,07.02.1998 16:48:00,341.729,343.885,270.676,40.977,0,40.9759,193.291,60,2999.86,2999.86,0,0,1468.22,1468.22,0,0,0,0,0,0,50178.2,55908.4,55908.4,0,426.818,1e+06,881.683,0,0,0,0,2.30599e+06,2.30599e+06,0,0,7.77068e+11,2999.98,3000,2.3061e+06,-13.1422,
I1,17.02.1998 16:48:00,341.598,343.76,270.382,40.8822,0,40.881,192.558,60,2999.86,2999.86,0,0,1462.1,1462.1,0,0,0,0,0,0,50912,56771.9,56772,0,425.133,1e+06,870.151,0,0,0,0,2.33599e+06,2.33599e+06,0,0,7.872e+11,2999.98,3000,2.3361e+06,-13.2963,
I1,27.02.1998 16:48:00,341.069,343.239,270.313,41.1358,0,41.1347,199.678,60,2999.86,2999.86,0,0,1512.36,1512.36,0,0,0,0,0,0,51641.3,57151.2,57151.2,0,400.64,1e+06,873.577,0,0,0,0,2.36599e+06,2.36599e+06,0,0,7.97341e+11,2999.98,3000,2.3661e+06,-13.4501,
I1,09.03.1998 16:48:00,340.709,342.887,269.598,40.9321,0,40.931,190.643,60,2999.86,2999.86,0,0,1460.19,1460.19,0,0,0,0,0,0,52374.1,58168.4,58168.5,0,408.629,1e+06,876.422,0,0,0,0,2.39599e+06,2.39599e+06,0,0,8.07433e+11,2999.98,3000,2.3961e+06,-13.6035,
I1,19.03.1998 16:48:00,340.27,342.455,269.077,40.8824,0,40.8812,190.792,60,2999.86,2999.86,0,0,1458.88,1458.88,0,0,0,0,0,0,53107.9,58973,58973.1,0,407.195,1e+06,877.936,0,0,0,0,2.42598e+06,2.42598e+06,0,0,8.17536e+11,2999.98,3000,2.4261e+06,-13.7565,
I1,29.03.1998 16:48:00,339.699,341.892,268.607,40.9345,0,40.9334,190.539,60,2999.86,2999.86,0,0,1466.63,1466.63,0,0,0,0,0,0,53840.8,59630.7,59630.8,0,383.064,1e+06,869.839,0,0,0,0,2.45598e+06,2.45598e+06,0,0,8.2763e+11,2999.98,3000,2.4561e+06,-13.9091,
I1,08.04.1998 16:48:00,338.688,340.888,267.741,41.0115,0,41.0104,191.74,60,2999.86,2999.86,0,0,1472.66,1472.66,0,0,0,0,0,0,54572.2,60250.3,60250.3,0,383.299,1e+06,871.379,0,0,0,0,2.48598e+06,2.48598e+06,0,0,8.37707e+11,2999.98,3000,2.4861e+06,-14.0613,
I1,18.04.1998 16:48:00,337.519,339.726,266.934,41.2111,0,41.21,193.935,60,2999.86,2999.86,0,0,1502.52,1502.52,0,0,0,0,0,0,55300.2,60686.4,60686.5,0,389.429,1e+06,874.676,0,0,0,0,2.51598e+06,2.51598e+06,0,0,8.47777e+11,2999.98,3000,2.5161e+06,-14.2131,
I1,28.04.1998 16:48:00,336.459,338.674,265.61,41.0583,0,41.0572,189.039,60,2999.86,2999.86,0,0,1464.98,1464.98,0,0,0,0,0,0,56030.8,61642.9,61642.9,0,361.259,1e+06,868.837,0,0,0,0,2.54598e+06,2.54598e+06,0,0,8.57828e+11,2999.98,3000,2.5461e+06,-14.3645,
I1,08.05.1998 16:48:00,335.81,338.033,264.982,41.0654,0,41.0643,190.945,60,2999.86,2999.86,0,0,1476.41,1476.41,0,0,0,0,0,0,56761.3,62362.7,62362.8,0,372.413,1e+06,867.298,0,0,0,0,2.57598e+06,2.57598e+06,0,0,8.67896e+11,2999.98,3000,2.5761e+06,-14.5155,
I1,18.05.1998 16:48:00,337.075,339.304,265.538,40.6674,0,40.6663,189.243,60,2999.86,2999.86,0,0,1457.78,1457.78,0,0,0,0,0,0,57499,63710.8,63710.9,0,369.924,1e+06,865.304,0,0,0,0,2.60598e+06,2.60598e+06,0,0,8.78066e+11,2999.98,3000,2.6061e+06,-14.6661,
I1,28.05.1998 16:48:00,337.297,339.532,265.558,40.5527,0,40.5516,185.571,60,2999.86,2999.86,0,0,1431.34,1431.34,0,0,0,0,0,0,58238.7,64630.6,64630.7,0,341.322,1e+06,857.359,0,0,0,0,2.63597e+06,2.63597e+06,0,0,8.88218e+11,2999.98,3000,2.6361e+06,-14.8163,
I1,07.06.1998 16:48:00,337.374,339.615,265.69,40.5798,0,40.5787,186.938,60,2999.86,2999.86,0,0,1440.48,1440.48,0,0,0,0,0,0,58978,65326.8,65326.9,0,337.886,1e+06,858.471,0,0,0,0,2.66597e+06,2.66597e+06,0,0,8.98382e+11,2999.98,3000,2.6661e+06,-14.9661,
I1,17.06.1998 16:48:00,337.216,339.462,265.571,40.5984,0,40.5973,187.151,60,2999.86,2999.86,0,0,1442.21,1442.21,0,0,0,0,0,0,59716.9,66035.8,66035.9,0,343.361,1e+06,859.217,0,0,0,0,2.69597e+06,2.69597e+06,0,0,9.08546e+11,2999.98,3000,2.6961e+06,-15.1156,
I1,27.06.1998 16:48:00,337.029,339.279,265.418,40.6153,0,40.6142,187.162,60,2999.86,2999.86,0,0,1442.32,1442.32,0,0,0,0,0,0,60455.5,66746.9,66747,0,335.264,1e+06,851.412,0,0,0,0,2.72597e+06,2.72597e+06,0,0,9.18709e+11,2999.98,3000,2.7261e+06,-15.2646,
I1,07.07.1998 16:48:00,336.832,339.087,265.208,40.605,0,40.604,185.046,60,2999.86,2999.86,0,0,1435,1435,0,0,0,0,0,0,61194.3,67502.5,67502.6,0,333.695,1e+06,853.724,0,0,0,0,2.75597e+06,2.75597e+06,0,0,9.28866e+11,2999.98,3000,2.7561e+06,-15.4133,
I1,17.07.1998 16:48:00,336.36,338.618,264.902,40.6947,0,40.6936,183.998,60,2999.86,2999.86,0,0,1438.31,1438.31,0,0,0,0,0,0,61931.4,68090.9,68091,0,333.079,1e+06,856.638,0,0,0,0,2.78597e+06,2.78597e+06,0,0,9.39006e+11,2999.98,3000,2.7861e+06,-15.5616,
I1,27.07.1998 16:48:00,335.577,337.839,264.509,40.9093,0,40.9082,187.479,60,2999.86,2999.86,0,0,1469.67,1469.67,0,0,0,0,0,0,62664.7,68467.1,68467.2,0,317.534,1e+06,859.801,0,0,0,0,2.81597e+06,2.81597e+06,0,0,9.4914e+11,2999.98,3000,2.8161e+06,-15.7094,
I1,06.08.1998 16:48:00,335.451,337.716,264.081,40.74,0,40.7389,183.179,60,2999.86,2999.86,0,0,1436.07,1436.07,0,0,0,0,0,0,63401.1,69488,69488.1,0,315.539,1e+06,850.561,0,0,0,0,2.84596e+06,2.84596e+06,0,0,9.59261e+11,2999.98,3000,2.8461e+06,-15.8569,
I1,16.08.1998 16:48:00,334.713,336.98,263.411,40.776,0,40.7749,184.483,60,2999.86,2999.86,0,0,1443.28,1443.28,0,0,0,0,0,0,64136.7,70162.4,70162.5,0,315.01,1e+06,853.185,0,0,0,0,2.87596e+06,2.87596e+06,0,0,9.69394e+11,2999.98,3000,2.8761e+06,-16.0041,
I1,26.08.1998 16:48:00,334.257,336.527,263.029,40.8155,0,40.8144,184.692,60,2999.86,2999.86,0,0,1444.78,1444.78,0,0,0,0,0,0,64871.7,70829.4,70829.5,0,299.183,1e+06,855.903,0,0,0,0,2.90596e+06,2.90596e+06,0,0,9.79527e+11,2999.98,3000,2.9061e+06,-16.1508,
I1,05.09.1998 16:48:00,333.346,335.618,262.355,40.9463,0,40.9452,184.258,60,2999.86,2999.86,0,0,1457.56,1457.56,0,0,0,0,0,0,65604.4,71335.7,71335.8,0,297.53,1e+06,847.785,0,0,0,0,2.93596e+06,2.93596e+06,0,0,9.89645e+11,2999.98,3000,2.9361e+06,-16.2971,
I1,15.09.1998 16:48:00,332.434,334.707,261.389,40.9156,0,40.9145,181.93,60,2999.86,2999.86,0,0,1441.62,1441.62,0,0,0,0,0,0,66337.5,72122.5,72122.7,0,296.946,1e+06,850.426,0,0,0,0,2.96596e+06,2.96596e+06,0,0,9.99743e+11,2999.98,3000,2.9661e+06,-16.4431,
I1,25.09.1998 16:48:00,331.511,333.787,260.474,40.9184,0,40.9174,182.73,60,2999.86,2999.86,0,0,1445.92,1445.92,0,0,0,0,0,0,67070.7,72850.6,72850.7,0,281.284,1e+06,853.28,0,0,0,0,2.99596e+06,2.99596e+06,0,0,1.00986e+12,2999.98,3000,2.9961e+06,-16.5887,
I1,05.10.1998 16:48:00,330.718,332.996,259.65,40.9,0,40.899,182.604,60,2999.86,2999.86,0,0,1443.88,1443.88,0,0,0,0,0,0,67804.1,73616.8,73616.9,0,279.205,1e+06,844.037,0,0,0,0,3.02596e+06,3.02596e+06,0,0,1.01997e+12,2999.98,3000,3.0261e+06,-16.7339,
I1,15.10.1998 16:48:00,329.916,332.195,258.849,40.9,0,40.899,182.403,60,2999.86,2999.86,0,0,1441.33,1441.33,0,0,0,0,0,0,68537.6,74350.3,74350.4,0,278.57,1e+06,845.985,0,0,0,0,3.05595e+06,3.05595e+06,0,0,1.0301e+12,2999.98,3000,3.0561e+06,-16.8787,
I1,25.10.1998 16:48:00,329.235,331.515,258.13,40.8782,0,40.8771,182.21,60,2999.86,2999.86,0,0,1438.86,1438.86,0,0,0,0,0,0,69271.4,75123.9,75124,0,261.954,1e+06,847.636,0,0,0,0,3.08595e+06,3.08595e+06,0,0,1.04023e+12,2999.98,3000,3.0861e+06,-17.0232,
I1,04.11.1998 16:48:00,328.695,330.976,257.656,40.9147,0,40.9136,183.856,60,2999.86,2999.86,0,0,1450.17,1450.17,0,0,0,0,0,0,70004.6,75790.1,75790.2,0,242.038,1e+06,838.906,0,0,0,0,3.11595e+06,3.11595e+06,0,0,1.05038e+12,2999.98,3000,3.1161e+06,-17.1673,
I1,14.11.1998 16:48:00,327.644,329.926,256.575,40.8972,0,40.8962,180.263,60,2999.86,2999.86,0,0,1425.87,1425.87,0,0,0,0,0,0,70738.2,76556,76556.1,0,260.539,1e+06,843.373,0,0,0,0,3.14595e+06,3.14595e+06,0,0,1.06048e+12,2999.98,3000,3.1461e+06,-17.311,
I1,24.11.1998 16:48:00,326.685,328.967,255.621,40.8999,0,40.8989,181.001,60,2999.85,2999.85,0,0,1430.02,1430.02,0,0,0,0,0,0,71471.6,77284.4,77284.5,0,244.41,1e+06,845.225,0,0,0,0,3.17595e+06,3.17595e+06,0,0,1.0706e+12,2999.98,3000,3.1761e+06,-17.4543,
I1,04.12.1998 16:48:00,325.92,328.203,254.847,40.8945,0,40.8934,181.296,60,2999.85,2999.85,0,0,1430.88,1430.88,0,0,0,0,0,0,72205.2,78028.2,78028.3,0,242.632,1e+06,836.738,0,0,0,0,3.20595e+06,3.20595e+06,0,0,1.08073e+12,2999.98,3000,3.2061e+06,-17.5972,
I1,14.12.1998 16:48:00,325.188,327.472,254.098,40.8842,0,40.8832,181.162,60,2999.85,2999.85,0,0,1428.87,1428.87,0,0,0,0,0,0,72938.9,78781.5,78781.7,0,241.658,1e+06,838.845,0,0,0,0,3.23594e+06,3.23594e+06,0,0,1.09087e+12,2999.98,3000,3.2361e+06,-17.7398,
I1,24.12.1998 16:48:00,324.48,326.764,253.363,40.8691,0,40.8681,180.981,60,2999.85,2999.85,0,0,1426.4,1426.4,0,0,0,0,0,0,73672.9,79544.6,79544.8,0,225.853,1e+06,840.404,0,0,0,0,3.26594e+06,3.26594e+06,0,0,1.10101e+12,2999.98,3000,3.2661e+06,-17.882,
I1,03.01.1999 16:48:00,323.821,326.106,252.688,40.8599,0,40.8589,180.841,60,2999.85,2999.85,0,0,1424.49,1424.49,0,0,0,0,0,0,74407.1,80296.7,80296.9,0,220.926,1e+06,832.583,0,0,0,0,3.29594e+06,3.29594e+06,0,0,1.11116e+12,2999.98,3000,3.2961e+06,-18.0239,
I1,13.01.1999 16:48:00,323.14,325.426,251.976,40.8426,0,40.8416,180.693,60,2999.85,2999.85,0,0,1422.46,1422.46,0,0,0,0,0,0,75141.6,81065.2,81065.4,0,209.344,1e+06,834.655,0,0,0,0,3.32594e+06,3.32594e+06,0,0,1.12131e+12,2999.98,3000,3.3261e+06,-18.1653,
I1,23.01.1999 16:48:00,322.544,324.83,251.371,40.8369,0,40.8359,180.527,60,2999.85,2999.85,0,0,1420.18,1420.18,0,0,0,0,0,0,75876.2,81811.2,81811.4,0,204.837,1e+06,836.506,0,0,0,0,3.35594e+06,3.35594e+06,0,0,1.13146e+12,2999.98,3000,3.3561e+06,-18.3064,
I1,02.02.1999 16:48:00,321.793,324.079,250.606,40.8289,0,40.8278,180.384,60,2999.85,2999.85,0,0,1418.19,1418.19,0,0,0,0,0,0,76610.9,82562,82562.2,0,206.798,1e+06,839.142,0,0,0,0,3.38594e+06,3.38594e+06,0,0,1.14162e+12,2999.98,3000,3.3861e+06,-18.4472,
I1,12.02.1999 16:48:00,321.288,323.575,250.057,40.8044,0,40.8034,180.204,60,2999.85,2999.85,0,0,1415.67,1415.67,0,0,0,0,0,0,77346.1,83346.7,83346.9,0,185.622,1e+06,830.562,0,0,0,0,3.41594e+06,3.41594e+06,0,0,1.15179e+12,2999.98,3000,3.4161e+06,-18.5875,
I1,22.02.1999 16:48:00,320.883,323.171,249.652,40.804,0,40.803,180.084,60,2999.85,2999.85,0,0,1414,1414,0,0,0,0,0,0,78081.3,84082.6,84082.9,0,171.227,1e+06,833.264,0,0,0,0,3.44593e+06,3.44593e+06,0,0,1.16196e+12,2999.98,3000,3.4461e+06,-18.7275,
I1,04.03.1999 16:48:00,320.522,322.81,249.291,40.8036,0,40.8026,179.995,60,2999.85,2999.85,0,0,1412.74,1412.74,0,0,0,0,0,0,78816.5,84818.7,84818.9,0,188.669,1e+06,835.685,0,0,0,0,3.47593e+06,3.47593e+06,0,0,1.17214e+12,2999.98,3000,3.4761e+06,-18.8672,
I1,14.03.1999 16:48:00,319.972,322.26,248.652,40.7544,0,40.7534,178.282,60,2999.85,2999.85,0,0,1398.2,1398.2,0,0,0,0,0,0,79552.6,85657.1,85657.3,0,173.302,1e+06,827.21,0,0,0,0,3.50593e+06,3.50593e+06,0,0,1.1823e+12,2999.98,3000,3.5061e+06,-19.0064,
I1,24.03.1999 16:48:00,319.713,322.002,248.347,40.7283,0,40.7273,178.946,60,2999.85,2999.85,0,0,1400.63,1400.63,0,0,0,0,0,0,80289.1,86448.7,86448.9,0,171.35,1e+06,830.232,0,0,0,0,3.53593e+06,3.53593e+06,0,0,1.19248e+12,2999.98,3000,3.5361e+06,-19.1453,
I1,03.04.1999 16:48:00,319.048,321.337,247.811,40.7997,0,40.7987,178.814,60,2999.85,2999.85,0,0,1404.43,1404.43,0,0,0,0,0,0,81024.4,87032.6,87032.9,0,171.247,1e+06,833.698,0,0,0,0,3.56593e+06,3.56593e+06,0,0,1.20265e+12,2999.98,3000,3.5661e+06,-19.2839,
I1,13.04.1999 16:48:00,318.574,320.864,247.323,40.7913,0,40.7903,179.103,60,2999.85,2999.85,0,0,1405.68,1405.68,0,0,0,0,0,0,81759.8,87785.9,87786.2,0,137.931,1e+06,824.3,0,0,0,0,3.59593e+06,3.59593e+06,0,0,1.21283e+12,2999.98,3000,3.5961e+06,-19.4221,
I1,23.04.1999 16:48:00,318.027,320.317,246.819,40.8152,0,40.8142,179.051,60,2999.85,2999.85,0,0,1405.15,1405.15,0,0,0,0,0,0,82494.8,88469.5,88469.8,0,136.099,1e+06,824.693,0,0,0,0,3.62592e+06,3.62592e+06,0,0,1.22301e+12,2999.98,3000,3.6261e+06,-19.5599,
I1,03.05.1999 16:48:00,317.628,319.919,246.378,40.7916,0,40.7906,178.935,60,2999.85,2999.85,0,0,1403.51,1403.51,0,0,0,0,0,0,83230.2,89256.1,89256.4,0,153.084,1e+06,831.442,0,0,0,0,3.65592e+06,3.65592e+06,0,0,1.23319e+12,2999.98,3000,3.6561e+06,-19.6974,
I1,13.05.1999 16:48:00,317.171,319.464,245.922,40.7912,0,40.7902,178.848,60,2999.85,2999.85,0,0,1402.24,1402.24,0,0,0,0,0,0,83965.6,89992.4,89992.6,0,120.805,1e+06,822.229,0,0,0,0,3.68592e+06,3.68592e+06,0,0,1.24338e+12,2999.98,3000,3.6861e+06,-19.8345,
I1,23.05.1999 16:48:00,317.228,319.52,245.951,40.7762,0,40.7752,178.75,60,2999.85,2999.85,0,0,1400.82,1400.82,0,0,0,0,0,0,84701.3,90761.3,90761.6,0,136.755,1e+06,822.268,0,0,0,0,3.71592e+06,3.71592e+06,0,0,1.25357e+12,2999.98,3000,3.7161e+06,-19.9712,
I1,02.06.1999 16:48:00,316.712,319.004,245.465,40.7926,0,40.7916,178.776,60,2999.85,2999.85,0,0,1401.2,1401.2,0,0,0,0,0,0,85436.7,91460,91460.3,0,122.257,1e+06,829.477,0,0,0,0,3.74592e+06,3.74592e+06,0,0,1.26376e+12,2999.98,3000,3.7461e+06,-20.1076,
I1,12.06.1999 16:48:00,316.148,318.441,244.876,40.7783,0,40.7773,178.673,60,2999.85,2999.85,0,0,1399.71,1399.71,0,0,0,0,0,0,86172.3,92227.8,92228.1,0,120.721,1e+06,820.424,0,0,0,0,3.77592e+06,3.77592e+06,0,0,1.27395e+12,2999.98,3000,3.7761e+06,-20.2437,
I1,22.06.1999 16:48:00,315.781,318.075,244.505,40.7754,0,40.7744,178.55,60,2999.85,2999.85,0,0,1397.92,1397.92,0,0,0,0,0,0,86908,92970.1,92970.4,0,118.091,1e+06,821.887,0,0,0,0,3.80592e+06,3.80592e+06,0,0,1.28415e+12,2999.98,3000,3.8061e+06,-20.3793,
I1,02.07.1999 16:48:00,315.418,317.711,244.131,40.7696,0,40.7686,178.473,60,2999.85,2999.85,0,0,1396.8,1396.8,0,0,0,0,0,0,87643.8,93719.1,93719.4,0,95.7631,1e+06,815.561,0,0,0,0,3.83591e+06,3.83591e+06,0,0,1.29434e+12,2999.98,3000,3.8361e+06,-20.5147,
I1,12.07.1999 16:48:00,315.018,317.313,243.744,40.7762,0,40.7752,178.4,60,2999.85,2999.85,0,0,1395.74,1395.74,0,0,0,0,0,0,88379.5,94439.5,94439.8,0,87.0927,1e+06,818.4,0,0,0,0,3.86591e+06,3.86591e+06,0,0,1.30455e+12,2999.98,3000,3.8661e+06,-20.6496,
I1,22.07.1999 16:48:00,314.709,317.004,243.406,40.7597,0,40.7587,178.319,60,2999.85,2999.85,0,0,1394.56,1394.56,0,0,0,0,0,0,89115.5,95213.8,95214.1,0,96.8907,1e+06,820.65,0,0,0,0,3.89591e+06,3.89591e+06,0,0,1.31475e+12,2999.98,3000,3.8961e+06,-20.7843,
I1,01.08.1999 16:48:00,314.323,316.619,243.026,40.7627,0,40.7617,178.259,60,2999.85,2999.85,0,0,1393.69,1393.69,0,0,0,0,0,0,89851.4,95942.8,95943.1,0,72.8234,1e+06,814.407,0,0,0,0,3.92591e+06,3.92591e+06,0,0,1.32496e+12,2999.98,3000,3.9261e+06,-20.9185,
I1,11.08.1999 16:48:00,313.981,316.277,242.666,40.7527,0,40.7517,178.183,60,2999.85,2999.85,0,0,1392.57,1392.57,0,0,0,0,0,0,90587.6,96702.4,96702.7,0,71.4587,1e+06,816.794,0,0,0,0,3.95591e+06,3.95591e+06,0,0,1.33517e+12,2999.98,3000,3.9561e+06,-21.0525,
I1,21.08.1999 16:48:00,313.641,315.937,242.319,40.7485,0,40.7475,178.116,60,2999.85,2999.85,0,0,1391.59,1391.59,0,0,0,0,0,0,91323.7,97448.6,97448.9,0,61.3878,1e+06,820.422,0,0,0,0,3.98591e+06,3.98591e+06,0,0,1.34538e+12,2999.98,3000,3.9861e+06,-21.186,
I1,31.08.1999 16:48:00,313.278,315.575,241.966,40.7542,0,40.7532,178.05,60,2999.85,2999.85,0,0,1390.62,1390.62,0,0,0,0,0,0,92059.8,98171,98171.4,0,58.0777,1e+06,812.337,0,0,0,0,4.0159e+06,4.0159e+06,0,0,1.3556e+12,2999.98,3000,4.0161e+06,-21.3193,
I1,10.09.1999 16:48:00,313.293,315.59,241.945,40.7337,0,40.7327,177.979,60,2999.85,2999.85,0,0,1389.58,1389.58,0,0,0,0,0,0,92796.3,98956.9,98957.2,0,70.7657,1e+06,813.203,0,0,0,0,4.0459e+06,4.0459e+06,0,0,1.36582e+12,2999.98,3000,4.0461e+06,-21.4522,
I1,20.09.1999 16:48:00,313.249,315.547,241.96,40.7658,0,40.7648,177.996,60,2999.85,2999.85,0,0,1389.84,1389.84,0,0,0,0,0,0,93532.2,99614.9,99615.2,0,45.5824,1e+06,821.094,0,0,0,0,4.0759e+06,4.0759e+06,0,0,1.37604e+12,2999.98,3000,4.0761e+06,-21.5847,
I1,30.09.1999 16:48:00,312.831,315.129,241.542,40.7659,0,40.7649,178.006,60,2999.85,2999.85,0,0,1389.98,1389.98,0,0,0,0,0,0,94268,100350,100351,0,43.7149,1e+06,812.79,0,0,0,0,4.1059e+06,4.1059e+06,0,0,1.38625e+12,2999.98,3000,4.1061e+06,-21.7169,
I1,10.10.1999 16:48:00,312.817,315.116,241.538,40.7711,0,40.7701,177.928,60,2999.85,2999.85,0,0,1388.83,1388.83,0,0,0,0,0,0,95003.8,101074,101074,0,36.3435,1e+06,815.213,0,0,0,0,4.1359e+06,4.1359e+06,0,0,1.39647e+12,2999.98,3000,4.1361e+06,-21.8487,
I1,20.10.1999 16:48:00,312.8,315.1,241.535,40.7783,0,40.7773,177.937,60,2999.85,2999.85,0,0,1388.97,1388.97,0,0,0,0,0,0,95739.5,101791,101792,0,31.9761,1e+06,810.249,0,0,0,0,4.1659e+06,4.1659e+06,0,0,1.40669e+12,2999.98,3000,4.1661e+06,-21.9802,
I1,30.10.1999 16:48:00,312.344,314.644,241.088,40.7833,0,40.7823,177.953,60,2999.85,2999.85,0,0,1389.2,1389.2,0,0,0,0,0,0,96475,102514,102515,0,31.3597,1e+06,813.69,0,0,0,0,4.19589e+06,4.19589e+06,0,0,1.41691e+12,2999.98,3000,4.1961e+06,-22.1114,
I1,09.11.1999 16:48:00,312.334,314.634,241.074,40.7813,0,40.7803,177.866,60,2999.85,2999.85,0,0,1387.91,1387.91,0,0,0,0,0,0,97210.6,103255,103255,0,21.9075,1e+06,816.775,0,0,0,0,4.22589e+06,4.22589e+06,0,0,1.42713e+12,2999.98,3000,4.2261e+06,-22.2422,
I1,19.11.1999 16:48:00,311.837,314.138,240.581,40.7826,0,40.7817,177.875,60,2999.85,2999.85,0,0,1388.06,1388.06,0,0,0,0,0,0,97946.2,103987,103987,0,20.9247,1e+06,811.73,0,0,0,0,4.25589e+06,4.25589e+06,0,0,1.43736e+12,2999.98,3000,4.2561e+06,-22.3727,
I1,29.11.1999 16:48:00,311.762,314.063,240.517,40.789,0,40.788,177.778,60,2999.85,2999.85,0,0,1386.62,1386.62,0,0,0,0,0,0,98681.6,104706,104707,0,14.6096,1e+06,815.817,0,0,0,0,4.28589e+06,4.28589e+06,0,0,1.44758e+12,2999.98,3000,4.2861e+06,-22.5028,
I1,09.12.1999 16:48:00,311.662,313.964,240.431,40.7961,0,40.7952,177.763,60,2999.85,2999.85,0,0,1386.41,1386.41,0,0,0,0,0,0,99417,105423,105424,0,12.6424,1e+06,819.539,0,0,0,0,4.31589e+06,4.31589e+06,0,0,1.45781e+12,2999.98,3000,4.3161e+06,-22.6326,
I1,19.12.1999 16:48:00,311.501,313.804,240.258,40.7889,0,40.7879,177.757,60,2999.85,2999.85,0,0,1386.31,1386.31,0,0,0,0,0,0,100152,106178,106178,0,7.74416,1e+06,812.173,0,0,0,0,4.34589e+06,4.34589e+06,0,0,1.46803e+12,2999.98,3000,4.3461e+06,-22.7621,
I1,29.12.1999 16:48:00,311.263,313.566,240.034,40.7967,0,40.7957,177.738,60,2999.85,2999.85,0,0,1386.02,1386.02,0,0,0,0,0,0,100888,106893,106893,0,6.60504,1e+06,814.942,0,0,0,0,4.37589e+06,4.37589e+06,0,0,1.47826e+12,2999.98,3000,4.3761e+06,-22.8912,
I1,08.01.2000 16:48:00,311.192,313.495,239.972,40.8017,0,40.8007,177.699,60,2999.85,2999.85,0,0,1385.46,1385.46,0,0,0,0,0,0,101623,107615,107615,0,6.39406,1e+06,812.248,0,0,0,0,4.40588e+06,4.40588e+06,0,0,1.48849e+12,2999.98,3000,4.4061e+06,-23.02,
I1,18.01.2000 16:48:00,311.043,313.346,239.837,40.8093,0,40.8083,177.695,60,2999.85,2999.85,0,0,1385.4,1385.4,0,0,0,0,0,0,102358,108330,108330,0,2.70656,1e+06,816.118,0,0,0,0,4.43588e+06,4.43588e+06,0,0,1.49872e+12,2999.98,3000,4.4361e+06,-23.1484,
I1,28.01.2000 16:48:00,310.489,312.793,239.275,40.8044,0,40.8034,177.678,60,2999.85,2999.85,0,0,1385.15,1385.15,0,0,0,0,0,0,103093,109078,109078,0,1,1e+06,818.039,0,0,0,0,4.46588e+06,4.46588e+06,0,0,1.50895e+12,2999.98,3000,4.4661e+06,-23.2765,
I1,07.02.2000 16:48:00,310.413,312.718,239.206,40.8079,0,40.8069,177.568,60,2999.85,2999.85,0,0,1383.51,1383.51,0,0,0,0,0,0,103828,109804,109804,0,1,1e+06,815.704,0,0,0,0,4.49588e+06,4.49588e+06,0,0,1.51918e+12,2999.98,3000,4.4961e+06,-23.4043,
I1,17.02.2000 16:48:00,310.327,312.632,239.137,40.8174,0,40.8164,177.559,60,2999.85,2999.85,0,0,1383.38,1383.38,0,0,0,0,0,0,104563,110513,110513,0,1,1e+06,806.571,0,0,0,0,4.52588e+06,4.52588e+06,0,0,1.52942e+12,2999.98,3000,4.5261e+06,-23.5317,
I1,27.02.2000 16:48:00,310.091,312.396,238.892,40.8122,0,40.8112,177.555,60,2999.85,2999.85,0,0,1383.32,1383.32,0,0,0,0,0,0,105298,111262,111263,0,1,1e+06,799.421,0,0,0,0,4.55588e+06,4.55588e+06,0,0,1.53965e+12,2999.98,3000,4.5561e+06,-23.6589,
I1,08.03.2000 16:48:00,310.011,312.316,238.826,40.8196,0,40.8187,177.518,60,2999.85,2999.85,0,0,1382.77,1382.77,0,0,0,0,0,0,106033,111977,111977,0,1,1e+06,800.273,0,0,0,0,4.58587e+06,4.58587e+06,0,0,1.54989e+12,2999.98,3000,4.5861e+06,-23.7856,
I1,18.03.2000 16:48:00,309.102,311.408,237.928,40.8254,0,40.8244,177.516,60,2999.85,2999.85,0,0,1382.75,1382.75,0,0,0,0,0,0,106768,112696,112696,0,1,1e+06,774.381,0,0,0,0,4.61587e+06,4.61587e+06,0,0,1.56012e+12,2999.98,3000,4.6161e+06,-23.9121,
I1,28.03.2000 16:48:00,309.134,311.44,237.899,40.7914,0,40.7904,177.328,60,2999.85,2999.85,0,0,1379.93,1379.93,0,0,0,0,0,0,107503,113525,113526,0,1,1e+06,762.626,0,0,0,0,4.64587e+06,4.64587e+06,0,0,1.57037e+12,2999.98,3000,4.6461e+06,-24.0382,
I1,07.04.2000 16:48:00,309.065,311.372,237.838,40.7953,0,40.7944,177.338,60,2999.85,2999.85,0,0,1380.09,1380.09,0,0,0,0,0,0,108239,114250,114250,0,1,1e+06,752.286,0,0,0,0,4.67587e+06,4.67587e+06,0,0,1.58061e+12,2999.98,3000,4.6761e+06,-24.164,
I1,17.04.2000 16:48:00,308.563,310.87,237.353,40.805,0,40.804,177.34,60,2999.85,2999.85,0,0,1380.12,1380.12,0,0,0,0,0,0,108974,114958,114958,0,1,1e+06,750.901,0,0,0,0,4.70587e+06,4.70587e+06,0,0,1.59085e+12,2999.98,3000,4.7061e+06,-24.2895,
I1,27.04.2000 16:48:00,308.411,310.718,237.169,40.7868,0,40.7858,177.244,60,2999.85,2999.85,0,0,1378.68,1378.68,0,0,0,0,0,0,109709,115744,115745,0,1,1e+06,723.47,0,0,0,0,4.73587e+06,4.73587e+06,0,0,1.6011e+12,2999.98,3000,4.7361e+06,-24.4146,
I1,07.05.2000 16:48:00,308.226,310.534,236.995,40.7929,0,40.7919,177.22,60,2999.85,2999.85,0,0,1378.32,1378.32,0,0,0,0,0,0,110445,116463,116463,0,1,1e+06,723.235,0,0,0,0,4.76587e+06,4.76587e+06,0,0,1.61135e+12,2999.98,3000,4.7661e+06,-24.5394,
I1,17.05.2000 16:48:00,307.835,310.143,236.613,40.7977,0,40.7968,177.193,60,2999.85,2999.85,0,0,1377.92,1377.92,0,0,0,0,0,0,111180,117184,117184,0,1,1e+06,717.368,0,0,0,0,4.79586e+06,4.79586e+06,0,0,1.62159e+12,2999.98,3000,4.7961e+06,-24.6639,
I1,27.05.2000 16:48:00,307.67,309.979,236.432,40.7887,0,40.7877,177.121,60,2999.85,2999.85,0,0,1376.82,1376.82,0,0,0,0,0,0,111916,117946,117946,0,1,1e+06,716.896,0,0,0,0,4.82586e+06,4.82586e+06,0,0,1.63184e+12,2999.98,3000,4.8261e+06,-24.7881,
I1,06.06.2000 16:48:00,307.538,309.847,236.305,40.791,0,40.7901,177.095,60,2999.85,2999.85,0,0,1376.44,1376.44,0,0,0,0,0,0,112651,118674,118675,0,1,1e+06,716.994,0,0,0,0,4.85586e+06,4.85586e+06,0,0,1.6421e+12,2999.98,3000,4.8561e+06,-24.9119,
I1,16.06.2000 16:48:00,307.424,309.734,236.198,40.7946,0,40.7936,177.08,60,2999.85,2999.85,0,0,1376.21,1376.21,0,0,0,0,0,0,113386,119399,119400,0,1,1e+06,716.965,0,0,0,0,4.88586e+06,4.88586e+06,0,0,1.65235e+12,2999.98,3000,4.8861e+06,-25.0354,
I1,26.06.2000 16:48:00,307.256,309.565,236.045,40.8027,0,40.8018,177.07,60,2999.85,2999.85,0,0,1376.06,1376.06,0,0,0,0,0,0,114122,120111,120111,0,1,1e+06,717.386,0,0,0,0,4.91586e+06,4.91586e+06,0,0,1.6626e+12,2999.98,3000,4.9161e+06,-25.1586,
I1,06.07.2000 16:48:00,307.125,309.435,235.925,40.8086,0,40.8077,177.048,60,2999.85,2999.85,0,0,1375.72,1375.72,0,0,0,0,0,0,114857,120828,120829,0,1,1e+06,717.652,0,0,0,0,4.94586e+06,4.94586e+06,0,0,1.67286e+12,2999.98,3000,4.9461e+06,-25.2815,
I1,16.07.2000 16:48:00,306.975,309.286,235.783,40.8128,0,40.8118,177.033,60,2999.85,2999.85,0,0,1375.49,1375.49,0,0,0,0,0,0,115592,121551,121551,0,1,1e+06,713.327,0,0,0,0,4.97585e+06,4.97585e+06,0,0,1.68311e+12,2999.98,3000,4.9761e+06,-25.4041,
I1,26.07.2000 16:48:00,306.856,309.167,235.671,40.8168,0,40.8159,177.014,60,2999.85,2999.85,0,0,1375.21,1375.21,0,0,0,0,0,0,116327,122274,122274,0,1,1e+06,713.681,0,0,0,0,5.00585e+06,5.00585e+06,0,0,1.69337e+12,2999.98,3000,5.0061e+06,-25.5263,
I1,05.08.2000 16:48:00,306.77,309.081,235.592,40.8204,0,40.8195,177.002,60,2999.85,2999.85,0,0,1375.03,1375.03,0,0,0,0,0,0,117062,122998,122998,0,1,1e+06,709.553,0,0,0,0,5.03585e+06,5.03585e+06,0,0,1.70362e+12,2999.98,3000,5.0361e+06,-25.6482,
I1,15.08.2000 16:48:00,306.617,308.929,235.456,40.8296,0,40.8286,176.997,60,2999.85,2999.85,0,0,1374.96,1374.96,0,0,0,0,0,0,117796,123705,123705,0,1,1e+06,706.924,0,0,0,0,5.06585e+06,5.06585e+06,0,0,1.71388e+12,2999.98,3000,5.0661e+06,-25.7698,
I1,25.08.2000 16:48:00,306.534,308.846,235.378,40.8319,0,40.8309,176.978,60,2999.85,2999.85,0,0,1374.67,1374.67,0,0,0,0,0,0,118531,124433,124433,0,1,1e+06,707.098,0,0,0,0,5.09585e+06,5.09585e+06,0,0,1.72413e+12,2999.98,3000,5.0961e+06,-25.8911,
I1,04.09.2000 16:48:00,306.409,308.721,235.267,40.8397,0,40.8387,176.974,60,2999.85,2999.85,0,0,1374.61,1374.61,0,0,0,0,0,0,119265,125144,125144,0,1,1e+06,706.75,0,0,0,0,5.12585e+06,5.12585e+06,0,0,1.73439e+12,2999.98,3000,5.1261e+06,-26.0121,
I1,14.09.2000 16:48:00,306.327,308.64,235.192,40.843,0,40.8421,176.961,60,2999.85,2999.85,0,0,1374.41,1374.41,0,0,0,0,0,0,120000,125868,125868,0,1,1e+06,706.72,0,0,0,0,5.15584e+06,5.15584e+06,0,0,1.74465e+12,2999.98,3000,5.1561e+06,-26.1327,
I1,24.09.2000 16:48:00,306.19,308.503,235.074,40.8535,0,40.8525,176.957,60,2999.85,2999.85,0,0,1374.36,1374.36,0,0,0,0,0,0,120734,126570,126570,0,1,1e+06,707.219,0,0,0,0,5.18584e+06,5.18584e+06,0,0,1.75491e+12,2999.98,3000,5.1861e+06,-26.253,
I1,04.10.2000 16:48:00,306.152,308.465,235.034,40.8525,0,40.8515,176.942,60,2999.85,2999.85,0,0,1374.12,1374.12,0,0,0,0,0,0,121469,127307,127308,0,1,1e+06,707.076,0,0,0,0,5.21584e+06,5.21584e+06,0,0,1.76516e+12,2999.98,3000,5.2161e+06,-26.3731,
I1,14.10.2000 16:48:00,306.042,308.356,234.942,40.8621,0,40.8612,176.947,60,2999.85,2999.85,0,0,1374.21,1374.21,0,0,0,0,0,0,122203,128011,128012,0,1,1e+06,707.549,0,0,0,0,5.24584e+06,5.24584e+06,0,0,1.77542e+12,2999.98,3000,5.2461e+06,-26.4928,
I1,24.10.2000 16:48:00,305.959,308.273,234.867,40.8663,0,40.8653,176.938,60,2999.85,2999.85,0,0,1374.07,1374.07,0,0,0,0,0,0,122937,128732,128733,0,1,1e+06,706.91,0,0,0,0,5.27584e+06,5.27584e+06,0,0,1.78568e+12,2999.98,3000,5.2761e+06,-26.6122,
I1,03.11.2000 16:48:00,305.876,308.19,234.797,40.8735,0,40.8726,176.934,60,2999.85,2999.85,0,0,1374.02,1374.02,0,0,0,0,0,0,123671,129444,129444,0,1,1e+06,704.31,0,0,0,0,5.30584e+06,5.30584e+06,0,0,1.79594e+12,2999.98,3000,5.3061e+06,-26.7313,
I1,13.11.2000 16:48:00,305.778,308.093,234.713,40.8809,0,40.88,176.93,60,2999.85,2999.85,0,0,1373.96,1373.96,0,0,0,0,0,0,124405,130154,130154,0,1,1e+06,705.154,0,0,0,0,5.33584e+06,5.33584e+06,0,0,1.8062e+12,2999.98,3000,5.3361e+06,-26.85,
I1,23.11.2000 16:48:00,305.683,307.998,234.634,40.8899,0,40.8889,176.923,60,2999.85,2999.85,0,0,1373.86,1373.86,0,0,0,0,0,0,125138,130859,130860,0,1,1e+06,705.954,0,0,0,0,5.36583e+06,5.36583e+06,0,0,1.81646e+12,2999.98,3000,5.3661e+06,-26.9685,
I1,03.12.2000 16:48:00,305.623,307.939,234.58,40.8928,0,40.8918,176.917,60,2999.85,2999.85,0,0,1373.76,1373.76,0,0,0,0,0,0,125872,131584,131584,0,1,1e+06,703.724,0,0,0,0,5.39583e+06,5.39583e+06,0,0,1.82672e+12,2999.98,3000,5.3961e+06,-27.0867,
I1,13.12.2000 16:48:00,305.552,307.868,234.522,40.8997,0,40.8987,176.918,60,2999.85,2999.85,0,0,1373.78,1373.78,0,0,0,0,0,0,126605,132295,132295,0,1,1e+06,704.39,0,0,0,0,5.42583e+06,5.42583e+06,0,0,1.83697e+12,2999.98,3000,5.4261e+06,-27.2045,
I1,23.12.2000 16:48:00,305.49,307.806,234.469,40.9053,0,40.9043,176.918,60,2999.85,2999.85,0,0,1373.78,1373.78,0,0,0,0,0,0,127339,133010,133010,0,1,1e+06,704.995,0,0,0,0,5.45583e+06,5.45583e+06,0,0,1.84723e+12,2999.98,3000,5.4561e+06,-27.3221,
I1,02.01.2001 16:48:00,305.451,307.767,234.436,40.9081,0,40.9071,176.919,60,2999.85,2999.85,0,0,1373.79,1373.79,0,0,0,0,0,0,128072,133734,133735,0,1,1e+06,702.902,0,0,0,0,5.48583e+06,5.48583e+06,0,0,1.85749e+12,2999.98,3000,5.4861e+06,-27.4393,
I1,12.01.2001 16:48:00,305.355,307.672,234.361,40.9194,0,40.9184,176.925,60,2999.85,2999.85,0,0,1373.89,1373.89,0,0,0,0,0,0,128805,134430,134431,0,1,1e+06,703.851,0,0,0,0,5.51583e+06,5.51583e+06,0,0,1.86775e+12,2999.98,3000,5.5161e+06,-27.5562,
I1,22.01.2001 16:48:00,305.295,307.613,234.311,40.9247,0,40.9237,176.919,60,2999.85,2999.85,0,0,1373.81,1373.81,0,0,0,0,0,0,129538,135146,135146,0,1,1e+06,704.516,0,0,0,0,5.54582e+06,5.54582e+06,0,0,1.87801e+12,2999.98,3000,5.5461e+06,-27.6728,
I1,01.02.2001 16:48:00,305.257,307.575,234.28,40.9283,0,40.9274,176.921,60,2999.85,2999.85,0,0,1373.83,1373.83,0,0,0,0,0,0,130271,135867,135867,0,1,1e+06,704.949,0,0,0,0,5.57582e+06,5.57582e+06,0,0,1.88827e+12,2999.98,3000,5.5761e+06,-27.7892,
I1,11.02.2001 16:48:00,305.18,307.498,234.22,40.9377,0,40.9367,176.927,60,2999.85,2999.85,0,0,1373.93,1373.93,0,0,0,0,0,0,131004,136569,136569,0,1,1e+06,703.672,0,0,0,0,5.60582e+06,5.60582e+06,0,0,1.89853e+12,2999.98,3000,5.6061e+06,-27.9052,
I1,21.02.2001 16:48:00,305.129,307.447,234.179,40.9432,0,40.9422,176.925,60,2999.85,2999.85,0,0,1373.9,1373.9,0,0,0,0,0,0,131736,137283,137283,0,1,1e+06,704.311,0,0,0,0,5.63582e+06,5.63582e+06,0,0,1.90879e+12,2999.98,3000,5.6361e+06,-28.0209,
I1,03.03.2001 16:48:00,305.073,307.392,234.136,40.9502,0,40.9493,176.929,60,2999.85,2999.85,0,0,1373.96,1373.96,0,0,0,0,0,0,132469,137992,137992,0,1,1e+06,704.991,0,0,0,0,5.66582e+06,5.66582e+06,0,0,1.91905e+12,2999.98,3000,5.6661e+06,-28.1363,
I1,13.03.2001 16:48:00,305.02,307.339,234.095,40.9567,0,40.9557,176.932,60,2999.85,2999.85,0,0,1374,1374,0,0,0,0,0,0,133201,138703,138703,0,1,1e+06,705.671,0,0,0,0,5.69582e+06,5.69582e+06,0,0,1.9293e+12,2999.98,3000,5.6961e+06,-28.2514,
I1,23.03.2001 16:48:00,304.992,307.311,234.074,40.9603,0,40.9594,176.935,60,2999.85,2999.85,0,0,1374.06,1374.06,0,0,0,0,0,0,133934,139423,139423,0,1,1e+06,704.303,0,0,0,0,5.72582e+06,5.72582e+06,0,0,1.93956e+12,2999.98,3000,5.7261e+06,-28.3662,
I1,02.04.2001 16:48:00,304.927,307.246,234.024,40.9691,0,40.9682,176.944,60,2999.85,2999.85,0,0,1374.2,1374.2,0,0,0,0,0,0,134666,140125,140125,0,1,1e+06,705.118,0,0,0,0,5.75581e+06,5.75581e+06,0,0,1.94982e+12,2999.98,3000,5.7561e+06,-28.4808,
I1,12.04.2001 16:48:00,304.875,307.195,233.984,40.9754,0,40.9745,176.945,60,2999.85,2999.85,0,0,1374.21,1374.21,0,0,0,0,0,0,135398,140836,140836,0,1,1e+06,705.507,0,0,0,0,5.78581e+06,5.78581e+06,0,0,1.96008e+12,2999.98,3000,5.7861e+06,-28.595,
I1,22.04.2001 16:48:00,304.837,307.157,233.955,40.9807,0,40.9797,176.949,60,2999.85,2999.85,0,0,1374.27,1374.27,0,0,0,0,0,0,136130,141550,141550,0,1,1e+06,705.905,0,0,0,0,5.81581e+06,5.81581e+06,0,0,1.97034e+12,2999.98,3000,5.8161e+06,-28.7089,
I1,02.05.2001 16:48:00,304.785,307.105,233.917,40.9879,0,40.9869,176.956,60,2999.85,2999.85,0,0,1374.37,1374.37,0,0,0,0,0,0,136862,142256,142257,0,1,1e+06,706.483,0,0,0,0,5.84581e+06,5.84581e+06,0,0,1.98059e+12,2999.98,3000,5.8461e+06,-28.8225,
I1,12.05.2001 16:48:00,304.746,307.068,233.889,40.9936,0,40.9926,176.96,60,2999.85,2999.85,0,0,1374.44,1374.44,0,0,0,0,0,0,137594,142969,142969,0,1,1e+06,706.933,0,0,0,0,5.87581e+06,5.87581e+06,0,0,1.99085e+12,2999.98,3000,5.8761e+06,-28.9358,
I1,22.05.2001 16:48:00,304.697,307.019,233.852,41.0002,0,40.9993,176.967,60,2999.85,2999.85,0,0,1374.54,1374.54,0,0,0,0,0,0,138326,143677,143677,0,1,1e+06,707.528,0,0,0,0,5.90581e+06,5.90581e+06,0,0,2.00111e+12,2999.98,3000,5.9061e+06,-29.0489,
I1,01.06.2001 16:48:00,304.653,306.975,233.82,41.0066,0,41.0057,176.972,60,2999.85,2999.85,0,0,1374.61,1374.61,0,0,0,0,0,0,139057,144386,144386,0,1,1e+06,708.103,0,0,0,0,5.9358e+06,5.9358e+06,0,0,2.01137e+12,2999.98,3000,5.9361e+06,-29.1616,
I1,11.06.2001 16:48:00,304.612,306.935,233.789,41.012,0,41.011,176.977,60,2999.85,2999.85,0,0,1374.7,1374.7,0,0,0,0,0,0,139789,145099,145099,0,1,1e+06,708.658,0,0,0,0,5.9658e+06,5.9658e+06,0,0,2.02162e+12,2999.98,3000,5.9661e+06,-29.2741,
I1,21.06.2001 16:48:00,304.566,306.889,233.756,41.0191,0,41.0182,176.983,60,2999.85,2999.85,0,0,1374.79,1374.79,0,0,0,0,0,0,140520,145805,145805,0,1,1e+06,709.267,0,0,0,0,5.9958e+06,5.9958e+06,0,0,2.03188e+12,2999.98,3000,5.9961e+06,-29.3862,
